id,title,body
46,Containerization with Docker,"Containers package an application and all its runtime dependencies into a portable, isolated execution unit. Docker is the dominant container platform for building, distributing, and running containerized workloads. Kubernetes orchestrates containers at scale across clusters, handling scheduling, scaling, and self-healing. Containers enforce consistency between development, testing, and production deployment environments."
47,Database Indexing,Database indexes speed up query execution by enabling the engine to locate rows without a full table scan. B-tree indexes are the default index structure and efficiently support both equality and range queries. Adding too many indexes degrades write performance because every index must be updated on each insert or update. Composite indexes covering multiple columns reduce the number of index reads for multi-column filter queries.
48,Microservices Architecture,"Microservices decompose a monolithic application into small, independently deployable services. Each service owns its own data store and communicates with peers through APIs or asynchronous message queues. Independent deployability allows teams to release individual services without coordinating full-system releases. Distributed systems introduce operational complexity including latency, partial failures, and distributed tracing needs."
49,Encryption and Data Protection,Encryption converts plaintext data into ciphertext that is unreadable without the correct decryption key. AES-256 is the industry standard symmetric encryption algorithm for protecting data at rest. TLS encrypts data in transit between clients and servers to prevent interception and tampering. Public-key infrastructure enables secure key exchange over untrusted networks without sharing private keys.
50,Version Control with Git,"Git is a distributed version control system that tracks every change made to source code over time. Feature branches allow developers to work in isolation without disrupting the main production codebase. Pull requests enable structured code review and discussion before merging changes into the main branch. Git's commit history forms a permanent audit trail showing what changed, when it changed, and the reason why."
51,Backpropagation and Gradient Descent,"Backpropagation computes gradients through a neural network by propagating prediction error backward. Gradient descent updates model weights iteratively in the direction that minimizes the loss function. Learning rate controls step size; too large causes training divergence, too small causes slow convergence. The Adam optimizer adapts per-parameter learning rates using first and second gradient moment estimates."
52,Transformer Architecture and Self-Attention,The Transformer architecture replaces recurrence with self-attention mechanisms to model token relationships. Attention weights determine how much each token influences the contextual representation of every other token. BERT and GPT are large pre-trained Transformer models fine-tuned on downstream natural language tasks. Scaling Transformer model size and training data increases capability but requires exponentially more compute.
53,Overfitting and Regularization Techniques,"Overfitting occurs when a model memorizes training data noise and fails to generalize to unseen examples. Dropout randomly deactivates neurons during training to prevent co-adaptation of feature detectors. L2 weight decay penalizes large parameter values by adding their squared magnitude to the loss function. Early stopping halts training when validation loss stops improving, preserving the best generalization checkpoint."
54,RAG vs Fine-Tuning for Production LLMs,"Retrieval-Augmented Generation grounds LLM responses in retrieved documents to reduce hallucination. Fine-tuning adjusts model weights on labeled task-specific data to modify behavior, tone, or reasoning style. RAG is preferred for knowledge-intensive tasks because the index can be updated without any model retraining. Fine-tuning is preferred for consistent output format and specialized domain terminology not present in pretraining."
55,Embeddings and Vector Search,Embeddings are dense fixed-length vectors that encode the semantic meaning of text in continuous space. Semantically similar texts produce embedding vectors with high cosine similarity. Vector databases such as Pinecone and Weaviate store embeddings and support approximate nearest neighbor search. Approximate nearest neighbor algorithms enable millisecond-latency retrieval across millions of vectors.
56,Contract Formation Requirements,"A valid contract requires offer, acceptance, consideration, and mutual assent between competent parties. Consideration is something of value exchanged by each party that makes the agreement legally enforceable. Contracts can be voided if formed through duress, fraud, undue influence, or material misrepresentation. Written contracts are preferred over oral agreements because they provide clear evidentiary records."
57,Intellectual Property Law Overview,"Intellectual property law protects creations of the mind including inventions, brands, and creative works. Patents grant inventors exclusive rights to their inventions for up to 20 years from the filing date. Trademarks protect distinctive brand identifiers such as logos, names, and slogans used in commerce. Copyright arises automatically upon creation of an original work and protects expression, not ideas."
58,GDPR Data Privacy Requirements,"The General Data Protection Regulation requires organizations to obtain explicit consent before collecting personal data. Data subjects have legal rights to access, correct, and request deletion of their personal data. Organizations experiencing a data breach must notify supervisory authorities within 72 hours of discovery. Non-compliance penalties can reach four percent of annual global turnover or 20 million euros, whichever is higher."
59,Employment Law Fundamentals,Employment law governs the legal relationship between employers and their employees. At-will employment allows either party to end the employment relationship at any time without cause. Anti-discrimination statutes prohibit adverse employment actions based on protected characteristics. Minimum wage laws establish a compensation floor that employers must honor regardless of any agreement.
60,Corporate Compliance Programs,"Compliance programs help organizations identify, prevent, and correct violations of laws and regulations. Effective programs include a written code of conduct, risk assessments, employee training, and monitoring. Leadership commitment and anonymous reporting channels are essential for building a culture of compliance. External regulatory audits assess whether compliance controls are adequately designed and actually operating."
